pincode,area,city,state
380001,Ahmedabad GPO,Ahmedabad,Gujarat
380001,Dariapur,Ahmedabad,Gujarat
380001,Lal Darwaja,Ahmedabad,Gujarat
380004,Cantonment,Ahmedabad,Gujarat
380006,Ambawadi,Ahmedabad,Gujarat
380007,Anandnagar,Ahmedabad,Gujarat
380009,Ashram Road,Ahmedabad,Gujarat
380015,Azad Society,Ahmedabad,Gujarat
380016,Asarwa Chakla,Ahmedabad,Gujarat
380022,Behrampura,Ahmedabad,Gujarat
380024,Bapunagar,Ahmedabad,Gujarat
380026,Amraiwadi,Ahmedabad,Gujarat
380028,Bhairavnath Road,Ahmedabad,Gujarat
380051,Makarba,Ahmedabad,Gujarat
380052,Memnagar,Ahmedabad,Gujarat
380054,Bodakdev,Ahmedabad,Gujarat
380055,Juhapura,Ahmedabad,Gujarat
380058,Bopal,Ahmedabad,Gujarat
380060,Bhadaj,Ahmedabad,Gujarat
380013,Nava Vadaj,Ahmedabad,Gujarat
380008,Maninagar,Ahmedabad,Gujarat
380005,Motera,Ahmedabad,Gujarat
380007,Paldi,Ahmedabad,Gujarat
380014,Navjivan,Ahmedabad,Gujarat
380002,N C Market,Ahmedabad,Gujarat
380015,Ambawadi Vistar,Ahmedabad,Gujarat
382120,Abasana,Ahmedabad,Gujarat
382220,Adroda,Ahmedabad,Gujarat
382250,Akru,Ahmedabad,Gujarat
382255,Alau,Ahmedabad,Gujarat
382427,Aslali,Ahmedabad,Gujarat
382430,Bakrol,Ahmedabad,Gujarat
382145,Balsasan,Ahmedabad,Gujarat
382150,Asalgam,Ahmedabad,Gujarat
382230,Arnej,Ahmedabad,Gujarat
382463,Ambli,Ahmedabad,Gujarat
382350,Nikol,Ahmedabad,Gujarat
380001,Ahmedabad GPO,Ahmedabad,Gujarat
380001,Dariapur,Ahmedabad,Gujarat
380001,Lal Darwaja,Ahmedabad,Gujarat
380004,Cantonment,Ahmedabad,Gujarat
380006,Ambawadi,Ahmedabad,Gujarat
380007,Anandnagar,Ahmedabad,Gujarat
380009,Ashram Road,Ahmedabad,Gujarat
380015,Azad Society,Ahmedabad,Gujarat
380016,Asarwa Chakla,Ahmedabad,Gujarat
380022,Behrampura,Ahmedabad,Gujarat
380024,Bapunagar,Ahmedabad,Gujarat
380026,Amraiwadi,Ahmedabad,Gujarat
380028,Bhairavnath Road,Ahmedabad,Gujarat
380051,Makarba,Ahmedabad,Gujarat
380052,Memnagar,Ahmedabad,Gujarat
380054,Bodakdev,Ahmedabad,Gujarat
380055,Juhapura,Ahmedabad,Gujarat
380058,Bopal,Ahmedabad,Gujarat
380060,Bhadaj,Ahmedabad,Gujarat
380013,Nava Vadaj,Ahmedabad,Gujarat
380008,Maninagar,Ahmedabad,Gujarat
380005,Motera,Ahmedabad,Gujarat
380014,Navjivan,Ahmedabad,Gujarat
380002,N C Market,Ahmedabad,Gujarat
380015,Ambawadi Vistar,Ahmedabad,Gujarat
382120,Abasana,Ahmedabad,Gujarat
382220,Adroda,Ahmedabad,Gujarat
382250,Akru,Ahmedabad,Gujarat
382255,Alau,Ahmedabad,Gujarat
382427,Aslali,Ahmedabad,Gujarat
382430,Bakrol,Ahmedabad,Gujarat
382145,Balsasan,Ahmedabad,Gujarat
382150,Asalgam,Ahmedabad,Gujarat
382230,Arnej,Ahmedabad,Gujarat
382463,Ambli,Ahmedabad,Gujarat
380003,Delhi Chakla,Ahmedabad,Gujarat
380010,Kalupur,Ahmedabad,Gujarat
380011,Raipur,Ahmedabad,Gujarat
380012,Saraspur,Ahmedabad,Gujarat
380018,Shahibaug,Ahmedabad,Gujarat
380019,Chandkheda,Ahmedabad,Gujarat
380020,Meghaninagar,Ahmedabad,Gujarat
380021,Isanpur,Ahmedabad,Gujarat
380023,Sabarmati,Ahmedabad,Gujarat
380025,Odhav,Ahmedabad,Gujarat
380027,Sola Road,Ahmedabad,Gujarat
380029,Vasna,Ahmedabad,Gujarat
380030,Naroda,Ahmedabad,Gujarat
380061,Ghatlodia,Ahmedabad,Gujarat
382330,Naroda GIDC,Ahmedabad,Gujarat
382340,Kubernagar,Ahmedabad,Gujarat
382345,Sardarnagar,Ahmedabad,Gujarat
382415,CTM,Ahmedabad,Gujarat
382418,Vastral,Ahmedabad,Gujarat
382481,Gota,Ahmedabad,Gujarat
382480,Chandlodia,Ahmedabad,Gujarat
380017,Amdupura,Ahmedabad,Gujarat
380028,Ellisbridge,Ahmedabad,Gujarat
380059,Science City,Ahmedabad,Gujarat
382405,Lambha,Ahmedabad,Gujarat
382440,Hathijan,Ahmedabad,Gujarat
382443,Danilimda,Ahmedabad,Gujarat
382449,Ramol,Ahmedabad,Gujarat
382470,Tragad,Ahmedabad,Gujarat
382475,Zundal,Ahmedabad,Gujarat
395001,Surat HO,Surat,Gujarat
395002,Ring Road,Surat,Gujarat
395003,Varachha Road,Surat,Gujarat
395004,Katargam,Surat,Gujarat
395005,Adajan,Surat,Gujarat
395006,Amroli,Surat,Gujarat
395007,Rander,Surat,Gujarat
395008,Udhna,Surat,Gujarat
395009,Parvat Patiya,Surat,Gujarat
395010,Pandesara,Surat,Gujarat
395011,Althan,Surat,Gujarat
395012,Limbayat,Surat,Gujarat
395013,Magdalla,Surat,Gujarat
395014,Umra,Surat,Gujarat
395017,Piplod,Surat,Gujarat
395023,Pal,Surat,Gujarat
395024,Punagam,Surat,Gujarat
395006,Chhaprabhatha,Surat,Gujarat
395004,Dabholi,Surat,Gujarat
395007,Jahangirpura,Surat,Gujarat
395005,Palanpur,Surat,Gujarat
395002,Salabatpura,Surat,Gujarat
395003,Kapodra,Surat,Gujarat
395008,Bhatar,Surat,Gujarat
395010,Godadara,Surat,Gujarat
395012,Bhestan,Surat,Gujarat
395023,Adajan Gam,Surat,Gujarat
394210,Sachin,Surat,Gujarat
394221,Sachin GIDC,Surat,Gujarat
394230,Kim,Surat,Gujarat
394305,Bardoli,Surat,Gujarat
394601,Olpad,Surat,Gujarat
394510,Hazira,Surat,Gujarat
394540,Kosamba,Surat,Gujarat
394550,Dumas,Surat,Gujarat
394107,Kamrej,Surat,Gujarat
394180,Ichhapore,Surat,Gujarat
394185,Utran,Surat,Gujarat
394130,Mandvi,Surat,Gujarat
394125,Kadodara,Surat,Gujarat
395007,Vesu,Surat,Gujarat
395017,Athwalines,Surat,Gujarat
395001,Delhi Gate,Surat,Gujarat
395002,Nanpura,Surat,Gujarat
395003,Haripura,Surat,Gujarat
pincode,area,city,state
394101,Mota Varachha,Surat,Gujarat
395007,Vesu,Surat,Gujarat
395017,Athwalines,Surat,Gujarat
395001,Delhi Gate,Surat,Gujarat
395002,Nanpura,Surat,Gujarat
395003,Haripura,Surat,Gujarat
395009,Sarthana,Surat,Gujarat
395004,Singanpore,Surat,Gujarat
395006,Kosad,Surat,Gujarat
395007,City Light,Surat,Gujarat
395007,VIP Road,Surat,Gujarat
395005,Ram Nagar (Adajan),Surat,Gujarat
395024,Nana Varachha,Surat,Gujarat
395010,Parvat Gam,Surat,Gujarat
395012,Udhna Gam,Surat,Gujarat
394516,Dindoli,Surat,Gujarat
394210,Bhestan (rural belt),Surat,Gujarat
394185,Kamrej,Surat,Gujarat
pincode,area,city,state
360001,Rajkot HO,Rajkot,Gujarat
360002,Bhaktinagar,Rajkot,Gujarat
360003,Raiya Road,Rajkot,Gujarat
360004,Kotecha Nagar,Rajkot,Gujarat
360005,University Road,Rajkot,Gujarat
360006,Rajkot Marketing Yard,Rajkot,Gujarat
360007,Kuvadava Road,Rajkot,Gujarat
360370,Race Course,Rajkot,Gujarat
360110,Gondal Road,Rajkot,Gujarat
360020,Kalawad Road,Rajkot,Gujarat
360024,Mavdi,Rajkot,Gujarat
360022,Nana Mava,Rajkot,Gujarat
360021,Morbi Road,Rajkot,Gujarat
360025,Madhapar,Rajkot,Gujarat
360023,Vavdi,Rajkot,Gujarat
360035,Metoda GIDC,Rajkot,Gujarat
360450,Shapar-Veraval,Rajkot,Gujarat
360311,Lodhika,Rajkot,Gujarat
360030,Kasturba Road,Rajkot,Gujarat
360050,Greenland Chowkdi,Rajkot,Gujarat
360003,Yagnik Road,Rajkot,Gujarat
360001,Jubilee Garden,Rajkot,Gujarat
360001,Dhebar Road,Rajkot,Gujarat
360002,Aji Industrial Area,Rajkot,Gujarat
360004,Amin Marg,Rajkot,Gujarat
360005,Indira Circle,Rajkot,Gujarat
360006,Marketing Yard,Rajkot,Gujarat
360007,Navagam,Rajkot,Gujarat
360020,Munjka,Rajkot,Gujarat
360022,150 Feet Ring Road,Rajkot,Gujarat
360024,Ambika Township,Rajkot,Gujarat
360025,Ravki,Rajkot,Gujarat
360110,Vavdi Industrial Area,Rajkot,Gujarat
360370,Yagnik Road Extension,Rajkot,Gujarat
390001,Vadodara HO,Vadodara,Gujarat
390002,Fatehgunj,Vadodara,Gujarat
390003,Raopura,Vadodara,Gujarat
390004,Pratapnagar,Vadodara,Gujarat
390005,Alkapuri,Vadodara,Gujarat
390006,Vadiwadi,Vadodara,Gujarat
390007,Subhanpura,Vadodara,Gujarat
390008,Gorwa,Vadodara,Gujarat
390009,Karelibaug,Vadodara,Gujarat
390010,Makarpura,Vadodara,Gujarat
390011,Manjalpur,Vadodara,Gujarat
390012,Atladara,Vadodara,Gujarat
390013,Tandalja,Vadodara,Gujarat
390014,Bhayli,Vadodara,Gujarat
390015,Gotri,Vadodara,Gujarat
390016,Vasna Road,Vadodara,Gujarat
390017,Akota,Vadodara,Gujarat
390018,Chhani,Vadodara,Gujarat
390019,Ajwa Road,Vadodara,Gujarat
390020,Nizampura,Vadodara,Gujarat
391740,Padra,Vadodara,Gujarat
391243,Waghodia,Vadodara,Gujarat
391410,Karjan,Vadodara,Gujarat
391760,Savli,Vadodara,Gujarat
391346,Por,Vadodara,Gujarat
390021,Old Padra Road,Vadodara,Gujarat
390022,Harni,Vadodara,Gujarat
390023,Sama,Vadodara,Gujarat
390024,New VIP Road,Vadodara,Gujarat
390025,Warasiya,Vadodara,Gujarat
390019,Kishanwadi,Vadodara,Gujarat
390020,Ellora Park,Vadodara,Gujarat
390007,Diwalipura,Vadodara,Gujarat
390015,Sevasi,Vadodara,Gujarat
390014,Bill,Vadodara,Gujarat
pincode,area,city,state
382010,Gandhinagar HO,Gandhinagar,Gujarat
382007,Sector 1,Gandhinagar,Gujarat
382007,Sector 2,Gandhinagar,Gujarat
382007,Sector 3,Gandhinagar,Gujarat
382007,Sector 4,Gandhinagar,Gujarat
382007,Sector 5,Gandhinagar,Gujarat
382007,Sector 6,Gandhinagar,Gujarat
382007,Sector 7,Gandhinagar,Gujarat
382007,Sector 8,Gandhinagar,Gujarat
382007,Sector 9,Gandhinagar,Gujarat
382007,Sector 10,Gandhinagar,Gujarat
382007,Sector 11,Gandhinagar,Gujarat
382007,Sector 12,Gandhinagar,Gujarat
382007,Sector 13,Gandhinagar,Gujarat
382007,Sector 14,Gandhinagar,Gujarat
382007,Sector 15,Gandhinagar,Gujarat
382016,Sector 16,Gandhinagar,Gujarat
382016,Sector 17,Gandhinagar,Gujarat
382016,Sector 18,Gandhinagar,Gujarat
382016,Sector 19,Gandhinagar,Gujarat
382021,Sector 20,Gandhinagar,Gujarat
382021,Sector 21,Gandhinagar,Gujarat
382021,Sector 22,Gandhinagar,Gujarat
382021,Sector 23,Gandhinagar,Gujarat
382021,Sector 24,Gandhinagar,Gujarat
382021,Sector 25,Gandhinagar,Gujarat
382021,Sector 26,Gandhinagar,Gujarat
382021,Sector 27,Gandhinagar,Gujarat
382028,Sector 28,Gandhinagar,Gujarat
382028,Sector 29,Gandhinagar,Gujarat
382028,Sector 30,Gandhinagar,Gujarat
382028,Sector 31,Gandhinagar,Gujarat
382028,Sector 32,Gandhinagar,Gujarat
382028,Sector 33,Gandhinagar,Gujarat
382028,Sector 34,Gandhinagar,Gujarat
382042,Sector 35,Gandhinagar,Gujarat
382042,Sector 36,Gandhinagar,Gujarat
382042,Sector 37,Gandhinagar,Gujarat
382042,Sector 38,Gandhinagar,Gujarat
382042,Sector 39,Gandhinagar,Gujarat
382042,Sector 40,Gandhinagar,Gujarat
382042,Sector 41,Gandhinagar,Gujarat
382042,Sector 42,Gandhinagar,Gujarat
382042,Sector 43,Gandhinagar,Gujarat
382042,Sector 44,Gandhinagar,Gujarat
382042,Sector 45,Gandhinagar,Gujarat
382042,Sector 46,Gandhinagar,Gujarat
382042,Sector 47,Gandhinagar,Gujarat
382042,Sector 48,Gandhinagar,Gujarat
382042,Sector 49,Gandhinagar,Gujarat
382042,Sector 50,Gandhinagar,Gujarat
382421,Adalaj,Gandhinagar,Gujarat
382422,Infocity,Gandhinagar,Gujarat
382423,Kudasan,Gandhinagar,Gujarat
382424,Raysan,Gandhinagar,Gujarat
382428,Sargasan,Gandhinagar,Gujarat
382650,Kalol,Gandhinagar,Gujarat
pincode,area,city,state
364001,Bhavnagar HO,Bhavnagar,Gujarat
364002,Kalanala,Bhavnagar,Gujarat
364003,Waghawadi Road,Bhavnagar,Gujarat
364004,Krishnanagar,Bhavnagar,Gujarat
364005,Bortalav,Bhavnagar,Gujarat
364006,Nilambaug,Bhavnagar,Gujarat
364007,Subhashnagar,Bhavnagar,Gujarat
364008,Ghogha Circle,Bhavnagar,Gujarat
364009,Talaja Road,Bhavnagar,Gujarat
364010,Sidsar,Bhavnagar,Gujarat
364011,Chitra GIDC,Bhavnagar,Gujarat
364012,Kaliyabid,Bhavnagar,Gujarat
364013,Ruvarni,Bhavnagar,Gujarat
364014,Vartej,Bhavnagar,Gujarat
364015,Panwadi,Bhavnagar,Gujarat
364016,Sardarnagar,Bhavnagar,Gujarat
364017,Vadva,Bhavnagar,Gujarat
364018,Bhavnagar Airport Area,Bhavnagar,Gujarat
364019,Ghogha Road,Bhavnagar,Gujarat
364020,Shivaji Nagar,Bhavnagar,Gujarat
364021,Bortalav Extension,Bhavnagar,Gujarat
364022,Jewels Circle,Bhavnagar,Gujarat
364023,Haluriya Chowk,Bhavnagar,Gujarat
364024,Diamond Chowk,Bhavnagar,Gujarat
364025,Anandnagar,Bhavnagar,Gujarat
364026,Kumbharwada,Bhavnagar,Gujarat
364027,Sector Area,Bhavnagar,Gujarat
364028,Gariadhar Road,Bhavnagar,Gujarat
364029,Shihor Road,Bhavnagar,Gujarat
364030,Ghogha Port,Bhavnagar,Gujarat
364031,Alang Ship Breaking Yard,Bhavnagar,Gujarat
pincode,area,city,state
361001,Jamnagar HO,Jamnagar,Gujarat
361002,Ranjit Road,Jamnagar,Gujarat
361003,Digvijay Plot,Jamnagar,Gujarat
361004,Gulabnagar,Jamnagar,Gujarat
361005,Panchvati,Jamnagar,Gujarat
361006,Patel Colony,Jamnagar,Gujarat
361007,Gokulnagar,Jamnagar,Gujarat
361008,Krushnanagar,Jamnagar,Gujarat
361009,Kamdar Colony,Jamnagar,Gujarat
361010,Summair Club Road,Jamnagar,Gujarat
361011,Indira Marg,Jamnagar,Gujarat
361012,Air Force Area,Jamnagar,Gujarat
361013,Bedi Port,Jamnagar,Gujarat
361140,Moti Khavdi,Jamnagar,Gujarat
361141,Khavdi,Jamnagar,Gujarat
361142,Reliance Greens,Jamnagar,Gujarat
361150,Jamjodhpur,Jamnagar,Gujarat
361160,Lalpur,Jamnagar,Gujarat
361170,Dhrol,Jamnagar,Gujarat
361280,Kalavad,Jamnagar,Gujarat
361305,Okha,Jamnagar,Gujarat
361306,Mithapur,Jamnagar,Gujarat
361315,Dwarka,Jamnagar,Gujarat
pincode,area,city,state
362001,Junagadh HO,Junagadh,Gujarat
362002,Kalwa Chowk,Junagadh,Gujarat
362003,M.G. Road,Junagadh,Gujarat
362004,Joshipura,Junagadh,Gujarat
362005,Zanzarda Road,Junagadh,Gujarat
362006,Azad Chowk,Junagadh,Gujarat
362007,Sardar Baug,Junagadh,Gujarat
362008,Vanthali Road,Junagadh,Gujarat
362009,Bilkha Road,Junagadh,Gujarat
362010,Timbawadi,Junagadh,Gujarat
362011,GIDC Area,Junagadh,Gujarat
362012,Dolatpara,Junagadh,Gujarat
362013,Majevdi Gate,Junagadh,Gujarat
362014,Keshod Road,Junagadh,Gujarat
362015,Girnar Road,Junagadh,Gujarat
362016,Uparkot Area,Junagadh,Gujarat
362020,Vanthali,Junagadh,Gujarat
362130,Keshod,Junagadh,Gujarat
362220,Mangrol,Junagadh,Gujarat
362225,Malia Hatina,Junagadh,Gujarat
362245,Veraval Road,Junagadh,Gujarat
362255,Chorvad,Junagadh,Gujarat
pincode,area,city,state
388001,Anand HO,Anand,Gujarat
388002,Vallabh Vidyanagar,Anand,Gujarat
388003,Mogri,Anand,Gujarat
388004,Gamdi,Anand,Gujarat
388005,Karamsad,Anand,Gujarat
388006,Bakrol,Anand,Gujarat
388007,Chikhodra,Anand,Gujarat
388008,Bhalej,Anand,Gujarat
388009,Samarkha,Anand,Gujarat
388010,Navli,Anand,Gujarat
388011,Umreth,Anand,Gujarat
388120,Petlad,Anand,Gujarat
388121,Borsad,Anand,Gujarat
388130,Sojitra,Anand,Gujarat
388135,Anklav,Anand,Gujarat
388140,Ras,Anand,Gujarat
388150,Tarapur,Anand,Gujarat
388160,Khambhat (Cambay),Anand,Gujarat
388170,Virpur,Anand,Gujarat
388180,Dharmaj,Anand,Gujarat
pincode,area,city,state
396445,Navsari HO,Navsari,Gujarat
396424,Jalalpore,Navsari,Gujarat
396406,Gandevi,Navsari,Gujarat
396463,Chikhli,Navsari,Gujarat
396472,Maroli,Navsari,Gujarat
396436,Matvad,Navsari,Gujarat
396439,Amalsad,Navsari,Gujarat
396325,Kabilpore,Navsari,Gujarat
396321,Bilimora,Navsari,Gujarat
396321,Antalia,Navsari,Gujarat
396415,Vijalpore,Navsari,Gujarat
396580,Dandi,Navsari,Gujarat
396521,Rankuva,Navsari,Gujarat
396403,Sisodra,Navsari,Gujarat
396460,Eru,Navsari,Gujarat
396590,Navsari Agricultural Area,Navsari,Gujarat
pincode,area,city,state
396321,Bilimora RS,Navsari,Gujarat
396321,Desra,Navsari,Gujarat
396325,Kabilpore Extension,Navsari,Gujarat
396403,Navsari Bazaar,Navsari,Gujarat
396412,Onjal,Navsari,Gujarat
396415,Vijalpore Road,Navsari,Gujarat
396427,Pardi Bhadeli,Navsari,Gujarat
396433,Sandalpor,Navsari,Gujarat
396436,Navsari Rural,Navsari,Gujarat
396439,Khergam,Navsari,Gujarat
396450,Chovisi,Navsari,Gujarat
396460,Navsari Station Area,Navsari,Gujarat
396463,Rumla,Navsari,Gujarat
396472,Untdi,Navsari,Gujarat
396521,Degam,Navsari,Gujarat
396530,Khergam Rural,Navsari,Gujarat
396560,Chikhli Rural,Navsari,Gujarat
396580,Dandi Coastal Area,Navsari,Gujarat
pincode,area,city,state
363641,Morbi HO,Morbi,Gujarat
363642,Sanala Road,Morbi,Gujarat
363643,Ravapar Road,Morbi,Gujarat
363644,Mahendranagar,Morbi,Gujarat
363645,Shanala,Morbi,Gujarat
363646,Lajai,Morbi,Gujarat
363647,Trajpar,Morbi,Gujarat
363650,Wankaner,Morbi,Gujarat
363651,Wankaner Bazar,Morbi,Gujarat
363652,Amar Nagar,Morbi,Gujarat
363653,Jetpar,Morbi,Gujarat
363654,Nava Sadulka,Morbi,Gujarat
363655,Old Ghuntu Road,Morbi,Gujarat
363656,GIDC Morbi,Morbi,Gujarat
363657,Halvad Road,Morbi,Gujarat
pincode,area,city,state
363660,Halvad,Morbi,Gujarat
363670,Maliya Miyana,Morbi,Gujarat
363680,Kutch Border Area,Morbi,Gujarat
363621,Navlakhi Port,Morbi,Gujarat
363622,Paneli Road,Morbi,Gujarat
363623,Sapar,Morbi,Gujarat
363624,Bela Rangpar,Morbi,Gujarat
363630,Virpar,Morbi,Gujarat
pincode,area,city,state
400001,Mumbai GPO, Mumbai,Maharashtra
400002,Kalbadevi,Mumbai,Maharashtra
400003,Mandvi,Mumbai,Maharashtra
400004,Girgaon,Mumbai,Maharashtra
400005,Colaba,Mumbai,Maharashtra
400006,Malabar Hill,Mumbai,Maharashtra
400007,Grant Road,Mumbai,Maharashtra
400008,Mumbai Central,Mumbai,Maharashtra
400009,Dongri,Mumbai,Maharashtra
400010,Mazgaon,Mumbai,Maharashtra
400011,Jacob Circle,Mumbai,Maharashtra
400012,Parel,Mumbai,Maharashtra
400013,Delisle Road,Mumbai,Maharashtra
400014,Dadar East,Mumbai,Maharashtra
400015,Sewri,Mumbai,Maharashtra
400016,Mahim,Mumbai,Maharashtra
400017,Dharavi,Mumbai,Maharashtra
400018,Worli,Mumbai,Maharashtra
400019,Matunga,Mumbai,Maharashtra
400020,Marine Lines,Mumbai,Maharashtra
400021,Nariman Point,Mumbai,Maharashtra
400022,Sion,Mumbai,Maharashtra
400024,Chembur,Mumbai,Maharashtra
400025,Prabhadevi,Mumbai,Maharashtra
400026,Cumballa Hill,Mumbai,Maharashtra
400028,Dadar West,Mumbai,Maharashtra
400029,Santacruz East,Mumbai,Maharashtra
400030,Shivaji Park,Mumbai,Maharashtra
400031,Wadala,Mumbai,Maharashtra
400032,Govt Colony,Mumbai,Maharashtra
400033,Kalachowki,Mumbai,Maharashtra
400034,Altamount Road,Mumbai,Maharashtra
400035,Mulund Colony,Mumbai,Maharashtra
400036,August Kranti Maidan,Mumbai,Maharashtra
400037,Antop Hill,Mumbai,Maharashtra
400038,Ballard Estate,Mumbai,Maharashtra
400039,Vidyavihar,Mumbai,Maharashtra
400040,Santacruz West,Mumbai,Maharashtra
400049,Juhu,Mumbai,Maharashtra
400050,Bandra West,Mumbai,Maharashtra
400051,Bandra East,Mumbai,Maharashtra
400052,Khar,Mumbai,Maharashtra
400053,Andheri West,Mumbai,Maharashtra
400054,Andheri East,Mumbai,Maharashtra
400055,Vile Parle East,Mumbai,Maharashtra
400056,Vile Parle West,Mumbai,Maharashtra
400057,Ghatkopar West,Mumbai,Maharashtra
400058,Ghatkopar East,Mumbai,Maharashtra
400059,Jogeshwari East,Mumbai,Maharashtra
400060,Jogeshwari West,Mumbai,Maharashtra
400061,Goregaon West,Mumbai,Maharashtra
400062,Goregaon East,Mumbai,Maharashtra
400063,Malad East,Mumbai,Maharashtra
400064,Malad West,Mumbai,Maharashtra
400065,Aarey Colony,Mumbai,Maharashtra
400066,Borivali East,Mumbai,Maharashtra
400067,Borivali West,Mumbai,Maharashtra
400068,Dahisar East,Mumbai,Maharashtra
400069,Dahisar West,Mumbai,Maharashtra
400070,Kurla,Mumbai,Maharashtra
400071,Chembur Colony,Mumbai,Maharashtra
400072,Sakinaka,Mumbai,Maharashtra
400073,Tilak Nagar,Mumbai,Maharashtra
400074,Trombay,Mumbai,Maharashtra
400075,Powai,Mumbai,Maharashtra
400076,IIT Powai,Mumbai,Maharashtra
400077,Govandi,Mumbai,Maharashtra
400078,Mulund West,Mumbai,Maharashtra
400079,Mulund East,Mumbai,Maharashtra
400080,Bhandup West,Mumbai,Maharashtra
400081,Bhandup East,Mumbai,Maharashtra
400082,Kanjurmarg,Mumbai,Maharashtra
400083,Vikhroli West,Mumbai,Maharashtra
400084,Vikhroli East,Mumbai,Maharashtra
400085,Govandi East,Mumbai,Maharashtra
400086,Ghatkopar,Mumbai,Maharashtra
pincode,area,city,state
400095,Gorai,Mumbai,Maharashtra
400092,Kandivali West,Mumbai,Maharashtra
400101,Kandivali East,Mumbai,Maharashtra
400104,MHADA Colony,Mumbai,Maharashtra
400097,Malad (West Ext),Mumbai,Maharashtra
400093,Chakala,Mumbai,Maharashtra
400099,Sahar Airport,Mumbai,Maharashtra
400102,Oshiwara,Mumbai,Maharashtra
400103,Motilal Nagar,Mumbai,Maharashtra
pincode,area,city,state
400091,Kandivali East (Thakur Village),Mumbai,Maharashtra
400092,Kandivali West,Mumbai,Maharashtra
400067,Charkop,Mumbai,Maharashtra
400062,Oberoi Garden City (Goregaon East),Mumbai,Maharashtra
400063,Dindoshi,Mumbai,Maharashtra
400064,Orlem (Malad West),Mumbai,Maharashtra
400053,Versova,Mumbai,Maharashtra
400061,Yari Road,Mumbai,Maharashtra
400058,DN Nagar,Mumbai,Maharashtra
400049,JVPD Scheme (Juhu),Mumbai,Maharashtra
400050,Pali Hill (Bandra West),Mumbai,Maharashtra
400070,Nehru Nagar (Kurla),Mumbai,Maharashtra
400072,Chandivali,Mumbai,Maharashtra
400076,Hiranandani Gardens Powai,Mumbai,Maharashtra
400078,Nahur West,Mumbai,Maharashtra
400080,Nahur East,Mumbai,Maharashtra
400066,Kulupwadi (Borivali East),Mumbai,Maharashtra
400067,IC Colony (Borivali West),Mumbai,Maharashtra
400103,Four Bungalows,Mumbai,Maharashtra
pincode,area,city,state
400042,BARC,Mumbai,Maharashtra
400085,Trombay Refinery Area,Mumbai,Maharashtra
400094,Anushakti Nagar,Mumbai,Maharashtra
400096,Seepz,Mumbai,Maharashtra
400098,Kalina (University Area),Mumbai,Maharashtra
400020,Custom House (specific zone),Mumbai,Maharashtra
pincode,area,city,state
411001,Pune GPO,Pune,Maharashtra
411002,Shaniwar Peth,Pune,Maharashtra
411003,Khadki,Pune,Maharashtra
411004,Deccan Gymkhana,Pune,Maharashtra
411005,Shivajinagar,Pune,Maharashtra
411006,Yerwada,Pune,Maharashtra
411007,Aundh,Pune,Maharashtra
411008,University Area,Pune,Maharashtra
411009,Parvati,Pune,Maharashtra
411011,Rasta Peth,Pune,Maharashtra
411012,Dapodi,Pune,Maharashtra
411013,Hadapsar,Pune,Maharashtra
411014,Viman Nagar,Pune,Maharashtra
411015,Vishrantwadi,Pune,Maharashtra
411016,Model Colony,Pune,Maharashtra
411017,Pimpri,Pune,Maharashtra
411018,Chinchwad,Pune,Maharashtra
411019,Akurdi,Pune,Maharashtra
411020,Bhosari,Pune,Maharashtra
411021,Baner,Pune,Maharashtra
411022,Warje,Pune,Maharashtra
411023,Katraj,Pune,Maharashtra
411024,Dhankawadi,Pune,Maharashtra
411025,Pimple Gurav,Pune,Maharashtra
411026,Pimple Saudagar,Pune,Maharashtra
411027,Wakad,Pune,Maharashtra
411028,Magarpatta,Pune,Maharashtra
411029,Kothrud,Pune,Maharashtra
411030,Karve Nagar,Pune,Maharashtra
411031,Bibwewadi,Pune,Maharashtra
411032,Kharadi,Pune,Maharashtra
411033,Talegaon,Pune,Maharashtra
411034,Nigdi,Pune,Maharashtra
411035,Moshi,Pune,Maharashtra
411036,Lohegaon,Pune,Maharashtra
411037,Kondhwa,Pune,Maharashtra
411038,Bavdhan,Pune,Maharashtra
411039,Chakan,Pune,Maharashtra
411040,Wanowrie,Pune,Maharashtra
411041,Nanded City,Pune,Maharashtra
411042,Ganesh Peth,Pune,Maharashtra
411043,Sinhagad Road,Pune,Maharashtra
411044,Pashan,Pune,Maharashtra
411045,Sus,Pune,Maharashtra
411046,Ambegaon,Pune,Maharashtra
411047,Hinjewadi,Pune,Maharashtra
411048,Undri,Pune,Maharashtra
411049,Koregaon Park,Pune,Maharashtra
411052,Shivane,Pune,Maharashtra
411057,Balewadi,Pune,Maharashtra
pincode,area,city,state
411060,Mundhwa,Pune,Maharashtra
411061,Pimple Nilakh,Pune,Maharashtra
411062,Spine Road,Pune,Maharashtra
411063,Phursungi,Pune,Maharashtra
411067,Tathawade,Pune,Maharashtra
411068,Handewadi,Pune,Maharashtra
411070,Baner Extension,Pune,Maharashtra
411071,Ravet,Pune,Maharashtra
411072,Dighi,Pune,Maharashtra
pincode,area,city,state
440001,Nagpur GPO,Nagpur,Maharashtra
440002,Sadar,Nagpur,Maharashtra
440003,Civil Lines,Nagpur,Maharashtra
440004,Ayodhya Nagar,Nagpur,Maharashtra
440005,Kamptee Road,Nagpur,Maharashtra
440006,Katol Road,Nagpur,Maharashtra
440007,Dharampeth,Nagpur,Maharashtra
440008,Laxmi Nagar,Nagpur,Maharashtra
440009,Mahal,Nagpur,Maharashtra
440010,Ramdaspeth,Nagpur,Maharashtra
440011,Shankar Nagar,Nagpur,Maharashtra
440012,Sitabuldi,Nagpur,Maharashtra
440013,Pratap Nagar,Nagpur,Maharashtra
440014,Nandanvan,Nagpur,Maharashtra
440015,Wardha Road,Nagpur,Maharashtra
440016,Hingna Road,Nagpur,Maharashtra
440017,Jaripatka,Nagpur,Maharashtra
440018,Mankapur,Nagpur,Maharashtra
440019,Manewada,Nagpur,Maharashtra
440020,Itwari,Nagpur,Maharashtra
440021,Seminary Hills,Nagpur,Maharashtra
440022,Trimurti Nagar,Nagpur,Maharashtra
440023,Wadi,Nagpur,Maharashtra
440024,Indora,Nagpur,Maharashtra
440025,Koradi Road,Nagpur,Maharashtra
440026,Umred Road,Nagpur,Maharashtra
440027,Kalamna,Nagpur,Maharashtra
440028,Medical Square,Nagpur,Maharashtra
440029,Reshimbagh,Nagpur,Maharashtra
440030,Sakkardara,Nagpur,Maharashtra
440031,Nagpur University,Nagpur,Maharashtra
440032,Central Avenue,Nagpur,Maharashtra
440033,Ambazari,Nagpur,Maharashtra
pincode,area,city,state
422001,Nashik HO,Nashik,Maharashtra
422002,Panchavati,Nashik,Maharashtra
422003,Gangapur Road,Nashik,Maharashtra
422004,Makhmalabad Road,Nashik,Maharashtra
422005,College Road,Nashik,Maharashtra
422006,Satpur MIDC,Nashik,Maharashtra
422007,Trimbak Road,Nashik,Maharashtra
422008,Indira Nagar,Nashik,Maharashtra
422009,Ambad MIDC,Nashik,Maharashtra
422010,Pathardi Phata,Nashik,Maharashtra
422011,Cidco,Nashik,Maharashtra
422012,Dwarka,Nashik,Maharashtra
422013,Adgaon,Nashik,Maharashtra
422014,Ojhar,Nashik,Maharashtra
422015,Gangapur,Nashik,Maharashtra
422016,Deolali Camp,Nashik,Maharashtra
422017,Nashik Road,Nashik,Maharashtra
422018,Sharanpur Road,Nashik,Maharashtra
422019,Canada Corner,Nashik,Maharashtra
422020,Mumbai Naka,Nashik,Maharashtra
422021,Untwadi,Nashik,Maharashtra
422022,Parijat Nagar,Nashik,Maharashtra
422023,Trimbakeshwar Road,Nashik,Maharashtra
422024,Ashok Nagar,Nashik,Maharashtra
422025,Old Agra Road,Nashik,Maharashtra
422026,Nashik Airport Area,Nashik,Maharashtra
pincode,area,city,state
422101,Deolali,Nashik,Maharashtra
422102,Deolali Gaon,Nashik,Maharashtra
422103,Sinnar,Nashik,Maharashtra
422104,Trimbakeshwar,Nashik,Maharashtra
422105,Igatpuri,Nashik,Maharashtra
422106,Niphad,Nashik,Maharashtra
422107,Yeola,Nashik,Maharashtra
422108,Chandwad,Nashik,Maharashtra
422109,Lasalgaon,Nashik,Maharashtra
422110,Dindori,Nashik,Maharashtra
pincode,area,city,state
400601,Thane West,Thane,Maharashtra
400602,Thane East,Thane,Maharashtra
400603,Kopri,Thane,Maharashtra
400604,Wagle Estate,Thane,Maharashtra
400605,Kalwa,Thane,Maharashtra
400606,Majiwada,Thane,Maharashtra
400607,Ghodbunder Road,Thane,Maharashtra
400608,Manpada,Thane,Maharashtra
400609,Chitalsar,Thane,Maharashtra
400610,Vartak Nagar,Thane,Maharashtra
400611,Naupada,Thane,Maharashtra
400612,Louis Wadi,Thane,Maharashtra
400613,Balkum,Thane,Maharashtra
400614,Kasarvadavali,Thane,Maharashtra
400615,Owale,Thane,Maharashtra
400616,Kolshet Road,Thane,Maharashtra
400617,Hiranandani Estate,Thane,Maharashtra
400618,Patlipada,Thane,Maharashtra
400619,Brahmand,Thane,Maharashtra
400620,Teen Hath Naka,Thane,Maharashtra
pincode,area,city,state
400621,Anand Nagar,Thane,Maharashtra
400622,Azad Nagar,Thane,Maharashtra
400623,Dhokali,Thane,Maharashtra
400624,Kasheli,Thane,Maharashtra
400625,Mumbra,Thane,Maharashtra
400626,Shilphata,Thane,Maharashtra
400627,Diwa,Thane,Maharashtra
400628,Diva East,Thane,Maharashtra
400629,Kalyan Road Area,Thane,Maharashtra
400630,Bhiwandi Road Area,Thane,Maharashtra
pincode,area,city,state
431001,Aurangabad HO,Aurangabad,Maharashtra
431002,Kranti Chowk,Aurangabad,Maharashtra
431003,Station Road,Aurangabad,Maharashtra
431004,CIDCO,Aurangabad,Maharashtra
431005,N-1 CIDCO,Aurangabad,Maharashtra
431006,N-2 CIDCO,Aurangabad,Maharashtra
431007,N-3 CIDCO,Aurangabad,Maharashtra
431008,N-4 CIDCO,Aurangabad,Maharashtra
431009,N-5 CIDCO,Aurangabad,Maharashtra
431010,N-6 CIDCO,Aurangabad,Maharashtra
431011,N-7 CIDCO,Aurangabad,Maharashtra
431012,N-8 CIDCO,Aurangabad,Maharashtra
431013,N-9 CIDCO,Aurangabad,Maharashtra
431014,N-10 CIDCO,Aurangabad,Maharashtra
431015,Shahgunj,Aurangabad,Maharashtra
431016,Jalna Road,Aurangabad,Maharashtra
431017,Osmanpura,Aurangabad,Maharashtra
431018,Beed Bypass,Aurangabad,Maharashtra
431019,Waluj MIDC,Aurangabad,Maharashtra
431020,Chikalthana MIDC,Aurangabad,Maharashtra
431021,Garkheda,Aurangabad,Maharashtra
431022,Satara Parisar,Aurangabad,Maharashtra
431023,Paithan Road,Aurangabad,Maharashtra
431024,Harsul,Aurangabad,Maharashtra
pincode,area,city,state
431101,Paithan,Aurangabad,Maharashtra
431102,Sillod,Aurangabad,Maharashtra
431103,Soegaon,Aurangabad,Maharashtra
431104,Kannad,Aurangabad,Maharashtra
431105,Phulambri,Aurangabad,Maharashtra
431106,Gangapur,Aurangabad,Maharashtra
431107,Khuldabad,Aurangabad,Maharashtra
431108,Vaijapur,Aurangabad,Maharashtra
pincode,area,city,state
413001,Solapur HO,Solapur,Maharashtra
413002,Solapur City,Solapur,Maharashtra
413003,Hotgi Road,Solapur,Maharashtra
413004,Akkalkot Road,Solapur,Maharashtra
413005,Vijapur Road,Solapur,Maharashtra
413006,Railway Lines,Solapur,Maharashtra
413007,Midc Solapur,Solapur,Maharashtra
413008,Kegaon,Solapur,Maharashtra
413009,Asra Chowk,Solapur,Maharashtra
413010,North Sadar Bazar,Solapur,Maharashtra
413011,South Sadar Bazar,Solapur,Maharashtra
413012,Solapur University Area,Solapur,Maharashtra
413013,Indira Nagar,Solapur,Maharashtra
413014,Jule Solapur,Solapur,Maharashtra
413015,Siddheshwar Peth,Solapur,Maharashtra
413016,Datta Chowk,Solapur,Maharashtra
pincode,area,city,state
413101,Akkalkot,Solapur,Maharashtra
413102,Barshi,Solapur,Maharashtra
413103,Karmala,Solapur,Maharashtra
413104,Mangalvedha,Solapur,Maharashtra
413105,Mohol,Solapur,Maharashtra
413106,Pandharpur,Solapur,Maharashtra
413107,Sangola,Solapur,Maharashtra
413108,Malshiras,Solapur,Maharashtra
pincode,area,city,state
416001,Kolhapur HO,Kolhapur,Maharashtra
416002,Rajarampuri,Kolhapur,Maharashtra
416003,Shahupuri,Kolhapur,Maharashtra
416004,Shivaji Peth,Kolhapur,Maharashtra
416005,Dasara Chowk,Kolhapur,Maharashtra
416006,New Palace Area,Kolhapur,Maharashtra
416007,Kasba Bawada,Kolhapur,Maharashtra
416008,Pratibha Nagar,Kolhapur,Maharashtra
416009,Nagala Park,Kolhapur,Maharashtra
416010,Kalamba,Kolhapur,Maharashtra
416011,Ujalaiwadi,Kolhapur,Maharashtra
416012,Shiroli MIDC,Kolhapur,Maharashtra
416013,Ichalkaranji Road,Kolhapur,Maharashtra
416014,Hupari Road,Kolhapur,Maharashtra
416015,Tarabai Park,Kolhapur,Maharashtra
416016,Rankala Lake Area,Kolhapur,Maharashtra
416017,Ring Road Area,Kolhapur,Maharashtra
pincode,area,city,state
416101,Ichalkaranji,Kolhapur,Maharashtra
416102,Hatkanangale,Kolhapur,Maharashtra
416103,Kagal,Kolhapur,Maharashtra
416104,Gadhinglaj,Kolhapur,Maharashtra
416105,Ajara,Kolhapur,Maharashtra
416106,Chandgad,Kolhapur,Maharashtra
416107,Radhanagari,Kolhapur,Maharashtra
416108,Bhudargad,Kolhapur,Maharashtra
pincode,area,city,state
444601,Amravati HO,Amravati,Maharashtra
444602,Rajapeth,Amravati,Maharashtra
444603,Camp Area,Amravati,Maharashtra
444604,Jawahar Road,Amravati,Maharashtra
444605,Irwin Square,Amravati,Maharashtra
444606,Gadge Nagar,Amravati,Maharashtra
444607,Vilas Nagar,Amravati,Maharashtra
444608,Rukhmini Nagar,Amravati,Maharashtra
444609,Shegaon Road,Amravati,Maharashtra
444610,Badnera,Amravati,Maharashtra
444611,Badnera Railway,Amravati,Maharashtra
444612,Walgaon Road,Amravati,Maharashtra
444613,Midc Amravati,Amravati,Maharashtra
444614,Paratwada Road,Amravati,Maharashtra
444615,Shivaji Nagar,Amravati,Maharashtra
pincode,area,city,state
444701,Achalpur,Amravati,Maharashtra
444702,Anjangaon Surji,Amravati,Maharashtra
444703,Chandur Railway,Amravati,Maharashtra
444704,Chandur Bazar,Amravati,Maharashtra
444705,Daryapur,Amravati,Maharashtra
444706,Morshi,Amravati,Maharashtra
444707,Nandgaon Khandeshwar,Amravati,Maharashtra
444708,Warud,Amravati,Maharashtra
pincode,area,city,state
410206,Panvel,Navi Mumbai,Maharashtra
410208,Taloja,Navi Mumbai,Maharashtra
410210,Kamothe,Navi Mumbai,Maharashtra
410218,Ulwe,Navi Mumbai,Maharashtra
410221,Dronagiri,Navi Mumbai,Maharashtra
410222,Nhava Sheva,Navi Mumbai,Maharashtra
410207,Rasayani,Navi Mumbai,Maharashtra
pincode,area,city,state
400703,Vashi,Navi Mumbai,Maharashtra
400705,Sanpada,Navi Mumbai,Maharashtra
400706,Nerul,Navi Mumbai,Maharashtra
400707,Juinagar,Navi Mumbai,Maharashtra
400708,Turbhe,Navi Mumbai,Maharashtra
400709,Koparkhairane,Navi Mumbai,Maharashtra
400710,Ghansoli,Navi Mumbai,Maharashtra
400611,Airoli,Navi Mumbai,Maharashtra
400614,Belapur CBD,Navi Mumbai,Maharashtra
400615,Kharghar,Navi Mumbai,Maharashtra
400701,Rabale,Navi Mumbai,Maharashtra
400702,Kalamboli,Navi Mumbai,Maharashtra
pincode,area,city,state
110001,Connaught Place,New Delhi,Delhi
110002,Daryaganj,New Delhi,Delhi
110003,Lodhi Road,New Delhi,Delhi
110004,Rashtrapati Bhavan,New Delhi,Delhi
110005,Karol Bagh,New Delhi,Delhi
110006,Chandni Chowk,New Delhi,Delhi
110007,University Area,New Delhi,Delhi
110008,Patel Nagar,New Delhi,Delhi
110009,Model Town,New Delhi,Delhi
110010,Dhaula Kuan,New Delhi,Delhi
110011,South Block,New Delhi,Delhi
110012,National Stadium,New Delhi,Delhi
110013,Kalkaji,New Delhi,Delhi
110014,Jangpura,New Delhi,Delhi
110015,Kirti Nagar,New Delhi,Delhi
110016,Green Park,New Delhi,Delhi
110017,Saket,New Delhi,Delhi
110018,Tilak Nagar,New Delhi,Delhi
110019,Okhla,New Delhi,Delhi
110020,Okhla Industrial Area,New Delhi,Delhi
110021,Chanakyapuri,New Delhi,Delhi
110022,R K Puram,New Delhi,Delhi
110023,Sarojini Nagar,New Delhi,Delhi
110024,Defence Colony,New Delhi,Delhi
110025,Jamia Nagar,New Delhi,Delhi
110026,Ashok Vihar,New Delhi,Delhi
110027,Rajouri Garden,New Delhi,Delhi
110028,Naraina,New Delhi,Delhi
110029,Safdarjung,New Delhi,Delhi
110030,Mehrauli,New Delhi,Delhi
110031,Gandhi Nagar,New Delhi,Delhi
110032,Shahdara,New Delhi,Delhi
110033,Adarsh Nagar,New Delhi,Delhi
110034,Pitampura,New Delhi,Delhi
110035,Shalimar Bagh,New Delhi,Delhi
110036,Alipur,New Delhi,Delhi
110037,IGI Airport,New Delhi,Delhi
110038,Delhi Cantt,New Delhi,Delhi
110039,Narela,New Delhi,Delhi
110040,Bawana,New Delhi,Delhi
110041,Nangloi,New Delhi,Delhi
110042,Burari,New Delhi,Delhi
110043,Najafgarh,New Delhi,Delhi
110044,Badarpur,New Delhi,Delhi
110045,Palam,New Delhi,Delhi
110046,Sagar Pur,New Delhi,Delhi
110047,Kapashera,New Delhi,Delhi
110048,Greater Kailash,New Delhi,Delhi
110049,Hauz Khas,New Delhi,Delhi
110050,Krishna Nagar,New Delhi,Delhi
110051,Preet Vihar,New Delhi,Delhi
110052,Wazirpur,New Delhi,Delhi
110053,Seelampur,New Delhi,Delhi
110054,Civil Lines,New Delhi,Delhi
110055,Paharganj,New Delhi,Delhi
110056,Janakpuri,New Delhi,Delhi
110057,Vasant Vihar,New Delhi,Delhi
110058,Uttam Nagar,New Delhi,Delhi
110059,Dwarka,New Delhi,Delhi
110060,Shankar Road,New Delhi,Delhi
110061,Bijwasan,New Delhi,Delhi
110062,Tughlakabad,New Delhi,Delhi
110063,Paschim Vihar,New Delhi,Delhi
110064,Subhash Nagar,New Delhi,Delhi
110065,East of Kailash,New Delhi,Delhi
110066,Munirka,New Delhi,Delhi
110067,Vasant Kunj,New Delhi,Delhi
110068,IGNOU,New Delhi,Delhi
110070,Chhatarpur,New Delhi,Delhi
110071,Satbari,New Delhi,Delhi
110072,Dwarka Sector 6,New Delhi,Delhi
110073,Dwarka Sector 9,New Delhi,Delhi
110074,Chhawla,New Delhi,Delhi
110075,Dwarka Sector 12,New Delhi,Delhi
110076,Sarita Vihar,New Delhi,Delhi
110077,Dwarka Sector 23,New Delhi,Delhi
110078,Rohini,New Delhi,Delhi
110085,Rohini Sector 7,New Delhi,Delhi
110086,Sultanpuri,New Delhi,Delhi
110087,Peeragarhi,New Delhi,Delhi
110088,Shalimar Bagh West,New Delhi,Delhi
110089,Rohini Sector 15,New Delhi,Delhi
110090,Nand Nagri,New Delhi,Delhi
110091,Mayur Vihar,New Delhi,Delhi
110092,Patparganj,New Delhi,Delhi
110093,Loni Road,New Delhi,Delhi
110094,Karawal Nagar,New Delhi,Delhi
110095,Seemapuri,New Delhi,Delhi
110096,Vasundhara Enclave,New Delhi,Delhi
pincode,area,city,state
110069,Neb Sarai,New Delhi,Delhi
110079,Dwarka Sector 19,New Delhi,Delhi
110080,Palam Village,New Delhi,Delhi
110081,Kanjhawala,New Delhi,Delhi
110082,Rohini Sector 22,New Delhi,Delhi
110083,Mangolpuri,New Delhi,Delhi
110084,Jahangirpuri,New Delhi,Delhi
pincode,area,city,state
110001,Civil Lines,North Delhi,Delhi
110002,Kashmere Gate,North Delhi,Delhi
110003,Delhi University North Campus,North Delhi,Delhi
110004,Timarpur,North Delhi,Delhi
110005,Model Town,North Delhi,Delhi
110006,Chandni Chowk,North Delhi,Delhi
110007,Malka Ganj,North Delhi,Delhi
110008,Kamla Nagar,North Delhi,Delhi
110009,Gujranwala Town,North Delhi,Delhi
110010,Mukherjee Nagar,North Delhi,Delhi
110011,Kingsway Camp,North Delhi,Delhi
110012,Adarsh Nagar,North Delhi,Delhi
110013,Azadpur,North Delhi,Delhi
110014,Ashok Vihar,North Delhi,Delhi
110015,Shalimar Bagh,North Delhi,Delhi
110016,Wazirpur Industrial Area,North Delhi,Delhi
110017,Tri Nagar,North Delhi,Delhi
110018,Lawrence Road,North Delhi,Delhi
110019,Keshav Puram,North Delhi,Delhi
110020,Rana Pratap Bagh,North Delhi,Delhi
110033,Rohini Sector 1-5,North Delhi,Delhi
110034,Rohini Sector 6-9,North Delhi,Delhi
110035,Rohini Sector 10-15,North Delhi,Delhi
110036,Rohini Sector 16-20,North Delhi,Delhi
110037,Burari,North Delhi,Delhi
110038,Narela,North Delhi,Delhi
110039,Alipur,North Delhi,Delhi
110040,Bawana Industrial Area,North Delhi,Delhi
110041,Holambi Kalan,North Delhi,Delhi
pincode,area,city,state
110017,Saket,South Delhi,Delhi
110016,Hauz Khas,South Delhi,Delhi
110070,Vasant Kunj,South Delhi,Delhi
110057,Vasant Vihar,South Delhi,Delhi
110024,Lajpat Nagar,South Delhi,Delhi
110025,Jangpura,South Delhi,Delhi
110048,Greater Kailash,South Delhi,Delhi
110049,Kalkaji,South Delhi,Delhi
110019,Chittaranjan Park,South Delhi,Delhi
110020,Okhla Industrial Area,South Delhi,Delhi
110065,East of Kailash,South Delhi,Delhi
110014,Defence Colony,South Delhi,Delhi
110062,Tughlakabad,South Delhi,Delhi
110068,Mehrauli,South Delhi,Delhi
110030,Chhatarpur,South Delhi,Delhi
110029,Safdarjung Enclave,South Delhi,Delhi
110067,Green Park,South Delhi,Delhi
110060,RK Puram,South Delhi,Delhi
110076,Sarita Vihar,South Delhi,Delhi
110044,Badarpur,South Delhi,Delhi
pincode,area,city,state
110013,South Extension,South Delhi,Delhi
110021,Anand Niketan,South Delhi,Delhi
110022,Bhikaji Cama Place,South Delhi,Delhi
110023,Netaji Nagar,South Delhi,Delhi
110028,Naraina,South Delhi,Delhi
110071,Kapashera,South Delhi,Delhi
110073,Masoodpur,South Delhi,Delhi
110074,Pushp Vihar,South Delhi,Delhi
110077,Dakshinpuri,South Delhi,Delhi
pincode,area,city,state
110092,Laxmi Nagar,East Delhi,Delhi
110091,Mayur Vihar Phase 1,East Delhi,Delhi
110096,Mayur Vihar Phase 2,East Delhi,Delhi
110091,Mayur Vihar Phase 3,East Delhi,Delhi
110092,Preet Vihar,East Delhi,Delhi
110095,Shahdara,East Delhi,Delhi
110032,Shahdara Mandi,East Delhi,Delhi
110051,Krishna Nagar,East Delhi,Delhi
110031,Gandhi Nagar,East Delhi,Delhi
110093,Seelampur,East Delhi,Delhi
110053,Jagatpuri,East Delhi,Delhi
110094,Karawal Nagar,East Delhi,Delhi
110090,Mandakini Enclave,East Delhi,Delhi
110098,Patparganj,East Delhi,Delhi
110097,IP Extension,East Delhi,Delhi
110093,Welcome Colony,East Delhi,Delhi
pincode,area,city,state
110052,Geeta Colony,East Delhi,Delhi
110051,Ram Nagar Extension,East Delhi,Delhi
110096,Trilokpuri,East Delhi,Delhi
110091,Kalyanpuri,East Delhi,Delhi
110090,Kondli,East Delhi,Delhi
110093,New Usmanpur,East Delhi,Delhi
110094,Dayalpur,East Delhi,Delhi
110095,Dilshad Garden,East Delhi,Delhi
110032,Nand Nagri,East Delhi,Delhi
pincode,area,city,state
110058,Janakpuri,West Delhi,Delhi
110027,Rajouri Garden,West Delhi,Delhi
110026,Punjabi Bagh,West Delhi,Delhi
110018,Tilak Nagar,West Delhi,Delhi
110015,Kirti Nagar,West Delhi,Delhi
110028,Naraina,West Delhi,Delhi
110063,Paschim Vihar,West Delhi,Delhi
110064,Hari Nagar,West Delhi,Delhi
110059,Uttam Nagar,West Delhi,Delhi
110087,Peeragarhi,West Delhi,Delhi
110041,Nangloi,West Delhi,Delhi
110043,Najafgarh,West Delhi,Delhi
110075,Dwarka Sector 1-10,West Delhi,Delhi
110078,Dwarka Sector 11-20,West Delhi,Delhi
110077,Dwarka Sector 21+,West Delhi,Delhi
pincode,area,city,state
110046,Dabri,West Delhi,Delhi
110045,Palam,West Delhi,Delhi
110071,Kapashera,West Delhi,Delhi
110072,Bijwasan,West Delhi,Delhi
110073,Chhawla,West Delhi,Delhi
110041,Mundka,West Delhi,Delhi
110086,Sultanpuri,West Delhi,Delhi
110085,Rohini West Extension,West Delhi,Delhi
pincode,area,city,state
110001,Connaught Place,Central Delhi,Delhi
110002,Daryaganj,Central Delhi,Delhi
110003,India Gate Area,Central Delhi,Delhi
110004,Paharganj,Central Delhi,Delhi
110005,Karol Bagh,Central Delhi,Delhi
110006,Red Fort Area,Central Delhi,Delhi
110007,Ram Nagar,Central Delhi,Delhi
110008,Patel Nagar,Central Delhi,Delhi
110009,Old Rajinder Nagar,Central Delhi,Delhi
110010,New Rajinder Nagar,Central Delhi,Delhi
110011,Rajpath Area,Central Delhi,Delhi
110012,Talkatora Road,Central Delhi,Delhi
110060,Shankar Road,Central Delhi,Delhi
pincode,area,city,state
110055,Paharganj Extension,Central Delhi,Delhi
110008,West Patel Nagar,Central Delhi,Delhi
110008,East Patel Nagar,Central Delhi,Delhi
110005,Dev Nagar,Central Delhi,Delhi
110005,Beadonpura,Central Delhi,Delhi
110002,ITO Area,Central Delhi,Delhi
110001,Barakhamba Road,Central Delhi,Delhi
pincode,area,city,state
pincode,area,city,state
110075,Dwarka Sector 1,Dwarka,Delhi
110075,Dwarka Sector 2,Dwarka,Delhi
110075,Dwarka Sector 3,Dwarka,Delhi
110075,Dwarka Sector 4,Dwarka,Delhi
110075,Dwarka Sector 5,Dwarka,Delhi
110075,Dwarka Sector 6,Dwarka,Delhi
110075,Dwarka Sector 7,Dwarka,Delhi
110075,Dwarka Sector 8,Dwarka,Delhi
110075,Dwarka Sector 9,Dwarka,Delhi
110075,Dwarka Sector 10,Dwarka,Delhi
110078,Dwarka Sector 11,Dwarka,Delhi
110078,Dwarka Sector 12,Dwarka,Delhi
110078,Dwarka Sector 13,Dwarka,Delhi
110078,Dwarka Sector 14,Dwarka,Delhi
110078,Dwarka Sector 15,Dwarka,Delhi
110078,Dwarka Sector 16,Dwarka,Delhi
110078,Dwarka Sector 17,Dwarka,Delhi
110078,Dwarka Sector 18,Dwarka,Delhi
110078,Dwarka Sector 19,Dwarka,Delhi
110078,Dwarka Sector 20,Dwarka,Delhi
110077,Dwarka Sector 21,Dwarka,Delhi
110077,Dwarka Sector 22,Dwarka,Delhi
110077,Dwarka Sector 23,Dwarka,Delhi
110045,Dwarka (Palam Nearby Area),Dwarka,Delhi
pincode,area,city,state
110043,Najafgarh Nearby,Dwarka,Delhi
110072,Bijwasan,Dwarka,Delhi
110073,Chhawla,Dwarka,Delhi
110061,Dabri Extension,Dwarka,Delhi
pincode,area,city,state
110085, Rohini Sector 1, Rohini, Delhi
110085, Rohini Sector 2, Rohini, Delhi
110085, Rohini Sector 3, Rohini, Delhi
110085, Rohini Sector 4, Rohini, Delhi
110085, Rohini Sector 5, Rohini, Delhi

110086, Rohini Sector 6, Rohini, Delhi
110086, Rohini Sector 7, Rohini, Delhi
110086, Rohini Sector 8, Rohini, Delhi
110086, Rohini Sector 9, Rohini, Delhi
110086, Rohini Sector 10, Rohini, Delhi
110086, Rohini Sector 11, Rohini, Delhi
110086, Rohini Sector 12, Rohini, Delhi
110086, Rohini Sector 13, Rohini, Delhi

110089, Rohini Sector 14, Rohini, Delhi
110089, Rohini Sector 15, Rohini, Delhi
110089, Rohini Sector 16, Rohini, Delhi
110089, Rohini Sector 17, Rohini, Delhi
110089, Rohini Sector 18, Rohini, Delhi
110089, Rohini Sector 19, Rohini, Delhi

110081, Rohini Sector 20, Rohini, Delhi
110081, Rohini Sector 21, Rohini, Delhi
110081, Rohini Sector 22, Rohini, Delhi
110081, Rohini Sector 23, Rohini, Delhi
110081,Rohini Sector 24,Rohini, Delhi
pincode,area,city,state
110042,Mangolpuri Nearby,Rohini,Delhi
110083,Begumpur,Rohini,Delhi
110081,Sultanpuri Extension,Rohini,Delhi
110039,Bawana Industrial Area Nearby,Rohini,Delhi
pincode,area,city,state
110032,Shahdara,Shahdara,Delhi
110032,Shahdara Mandi,Shahdara,Delhi
110051,Krishna Nagar,Shahdara,Delhi
110031,Gandhi Nagar,Shahdara,Delhi
110053,Jagatpuri,Shahdara,Delhi
110093,Seelampur,Shahdara,Delhi
110095,Dilshad Garden,Shahdara,Delhi
110094,Karawal Nagar,Shahdara,Delhi
110092,Preet Vihar Nearby,Shahdara,Delhi
pincode,area,city,state
110051,Geeta Colony,Shahdara,Delhi
110093,Welcome Colony,Shahdara,Delhi
110094,Dayalpur,Shahdara,Delhi
110032,Nand Nagri,Shahdara,Delhi
110095,GTB Enclave,Shahdara,Delhi
110090,Kondli Nearby,Shahdara,Delhi
pincode,area,city,state
302001,Jaipur GPO,Jaipur,Rajasthan
302002,Johari Bazar,Jaipur,Rajasthan
302003,Tripolia Bazar,Jaipur,Rajasthan
302004,Adarsh Nagar,Jaipur,Rajasthan
302005,MI Road,Jaipur,Rajasthan
302006,Ajmer Road,Jaipur,Rajasthan
302007,Bani Park,Jaipur,Rajasthan
302008,Vaishali Nagar,Jaipur,Rajasthan
302009,Vidhyadhar Nagar,Jaipur,Rajasthan
302010,Malviya Nagar,Jaipur,Rajasthan
302011,Sanganer,Jaipur,Rajasthan
302012,Shastri Nagar,Jaipur,Rajasthan
302013,Jhotwara,Jaipur,Rajasthan
302014,Civil Lines,Jaipur,Rajasthan
302015,Jagatpura,Jaipur,Rajasthan
302016,Mansarovar,Jaipur,Rajasthan
302017,Tonk Road,Jaipur,Rajasthan
302018,Durgapura,Jaipur,Rajasthan
302019,Sodala,Jaipur,Rajasthan
302020,Pratap Nagar,Jaipur,Rajasthan
pincode,area,city,state
302021,Chitrakoot,Jaipur,Rajasthan
302022,Murlipura,Jaipur,Rajasthan
302023,Sirsi Road,Jaipur,Rajasthan
302024,Kalwar Road,Jaipur,Rajasthan
302025,Bindayaka,Jaipur,Rajasthan
302026,Bagru,Jaipur,Rajasthan
302027,Amer,Jaipur,Rajasthan
302028,Kukas,Jaipur,Rajasthan
302029,Airport Area (Sanganer Airport),Jaipur,Rajasthan
302030,Mahapura,Jaipur,Rajasthan
302031,Ramnagaria,Jaipur,Rajasthan
302032,Narayan Vihar,Jaipur,Rajasthan
302033,Jagatpura Extension,Jaipur,Rajasthan
302034,Kardhani,Jaipur,Rajasthan
302035,VKI Area (Industrial),Jaipur,Rajasthan
302036,Heerapura,Jaipur,Rajasthan
pincode,area,city,state
342001,Jodhpur GPO, Jodhpur Old City, Jodhpur,Rajasthan
342002,Paota, Jodhpur,Rajasthan
342003,Sardarpura, Jodhpur,Rajasthan
342004,Ratanada, Jodhpur,Rajasthan
342005,Shastri Nagar, Jodhpur,Rajasthan
342006,Basni, Jodhpur,Rajasthan
342007,Mandore, Jodhpur,Rajasthan
342008,Residency Road Area, Jodhpur,Rajasthan
342009,Chopasni Housing Board, Jodhpur,Rajasthan
342010,Sojati Gate Area, Jodhpur,Rajasthan
342011,Pal Road Area, Jodhpur,Rajasthan
342012,Pratap Nagar, Jodhpur,Rajasthan
pincode,area,city,state
342013,Boranada Industrial Area, Jodhpur,Rajasthan
342014,Sangariya, Jodhpur,Rajasthan
342015,Kudi Bhagtasni, Jodhpur,Rajasthan
342022,Osian Road Area, Jodhpur,Rajasthan
342023,Banad, Jodhpur,Rajasthan
342024,Mathania, Jodhpur,Rajasthan
342025,Phalodi Road Area, Jodhpur,Rajasthan
342026,Luni, Jodhpur,Rajasthan
342027,Tinwari, Jodhpur,Rajasthan
342028,Balesar, Jodhpur,Rajasthan
pincode,area,city,state
313001,Udaipur HO, Udaipur City, Udaipur,Rajasthan
313002,Hiran Magri Sector 1-5, Udaipur,Rajasthan
313003,Hiran Magri Sector 6-11, Udaipur,Rajasthan
313004,Fatehpura, Udaipur,Rajasthan
313005,University Road Area, Udaipur,Rajasthan
313006,Sector 12-14 Hiran Magri, Udaipur,Rajasthan
313007,Pratap Nagar, Udaipur,Rajasthan
313008,Sukher, Udaipur,Rajasthan
313009,Bhuwana, Udaipur,Rajasthan
313010,Goverdhan Vilas, Udaipur,Rajasthan
313011,Debari, Udaipur,Rajasthan
313012,Amberi, Udaipur,Rajasthan
pincode,area,city,state
313201,Nathdwara Road Area, Udaipur,Rajasthan
313202,Rajsamand Nearby, Udaipur,Rajasthan
313203,Kankroli Area, Udaipur,Rajasthan
313204,Eklingji Area, Udaipur,Rajasthan
313205,Salumber, Udaipur,Rajasthan
313206,Mavli, Udaipur,Rajasthan
313207,Vallabhnagar, Udaipur,Rajasthan
313208,Badi Area, Udaipur,Rajasthan
pincode,area,city,state
324001,Kota HO, Kota City, Kota,Rajasthan
324002,Gumanpura, Kota,Rajasthan
324003,Talwandi, Kota,Rajasthan
324004,Vigyan Nagar, Kota,Rajasthan
324005,Mahaveer Nagar, Kota,Rajasthan
324006,Kunhadi, Kota,Rajasthan
324007,Railway Station Area, Kota,Rajasthan
324008,Anantpura, Kota,Rajasthan
324009,Borkhera, Kota,Rajasthan
324010,Rawatbhata Road Area, Kota,Rajasthan
324011,Dadabari, Kota,Rajasthan
324012,Industrial Area (RIICO), Kota,Rajasthan
pincode,area,city,state
324101,Ramganj Mandi, Kota,Rajasthan
324102,Sangod, Kota,Rajasthan
324103,Ladpura, Kota,Rajasthan
324104,Kaithoon, Kota,Rajasthan
324105,Digod, Kota,Rajasthan
324106,Pipalda, Kota,Rajasthan
324107,Itawa, Kota,Rajasthan
324108,Chechat, Kota,Rajasthan
pincode,area,city,state
305001,Ajmer HO, Ajmer City, Ajmer,Rajasthan
305002,Dargah Sharif Area, Ajmer,Rajasthan
305003,Beawar Road Area, Ajmer,Rajasthan
305004,Vaishali Nagar, Ajmer,Rajasthan
305005,Pushkar Road Area, Ajmer,Rajasthan
305006,Adarsh Nagar, Ajmer,Rajasthan
305007,Kotra, Ajmer,Rajasthan
305008,Makhupura Industrial Area, Ajmer,Rajasthan
305009,Anasagar Area, Ajmer,Rajasthan
305010,Alwar Gate Area, Ajmer,Rajasthan
pincode,area,city,state
305201,Kishangarh, Ajmer,Rajasthan
305202,Pushkar, Ajmer,Rajasthan
305203,Srinagar (Ajmer), Ajmer,Rajasthan
305204,Masuda, Ajmer,Rajasthan
305205,Nasirabad, Ajmer,Rajasthan
305206,Sarwar, Ajmer,Rajasthan
305207,Jawaja, Ajmer,Rajasthan
305208,Pisangan, Ajmer,Rajasthan
pincode,area,city,state
334001,Bikaner HO, Bikaner City, Bikaner,Rajasthan
334002,Junagarh Fort Area, Bikaner,Rajasthan
334003,Rani Bazar, Bikaner,Rajasthan
334004,Ganganagar Road Area, Bikaner,Rajasthan
334005,Shivbari, Bikaner,Rajasthan
334006,Murlidhar Vyas Colony, Bikaner,Rajasthan
334007,Lalgarh, Bikaner,Rajasthan
334008,Nokha Road Area, Bikaner,Rajasthan
334009,Karni Nagar, Bikaner,Rajasthan
334010,Industrial Area (RIICO), Bikaner,Rajasthan
pincode,area,city,state
334021,Deshnok, Bikaner,Rajasthan
334022,Nokha, Bikaner,Rajasthan
334023,Kolayat, Bikaner,Rajasthan
334024,Lunkaransar, Bikaner,Rajasthan
334025,Pugal, Bikaner,Rajasthan
334026,Khajuwala, Bikaner,Rajasthan
334027,Dungargarh, Bikaner,Rajasthan
334028,Sridungargarh, Bikaner,Rajasthan
pincode,area,city,state
301001,Alwar HO, Alwar City, Alwar,Rajasthan
301002,Bala Quila Area, Alwar,Rajasthan
301003,Hope Circus Area, Alwar,Rajasthan
301004,Scheme No. 1, Alwar,Rajasthan
301005,Scheme No. 2, Alwar,Rajasthan
301006,MIA (Matsya Industrial Area), Alwar,Rajasthan
301007,NEB Housing Board, Alwar,Rajasthan
301008,Shivaji Park, Alwar,Rajasthan
301009,Karamchari Colony, Alwar,Rajasthan
301010,Siliserh Road Area, Alwar,Rajasthan
pincode,area,city,state
301019,Bhiwadi, Alwar,Rajasthan
301020,Tapukara, Alwar,Rajasthan
301021,Khairthal, Alwar,Rajasthan
301022,Tijara, Alwar,Rajasthan
301023,Kishangarh Bas, Alwar,Rajasthan
301024,Rajgarh (Alwar), Alwar,Rajasthan
301025,Thanagazi, Alwar,Rajasthan
301026,Laxmangarh, Alwar,Rajasthan
301027,Behror, Alwar,Rajasthan
pincode,area,city,state
321001,Bharatpur HO, Bharatpur City, Bharatpur,Rajasthan
321002,Kumher Gate Area, Bharatpur,Rajasthan
321003,Mathura Gate Area, Bharatpur,Rajasthan
321004,Atal Bandh Area, Bharatpur,Rajasthan
321005,Krishna Nagar, Bharatpur,Rajasthan
321006,Sewla, Bharatpur,Rajasthan
321007,Deeg Road Area, Bharatpur,Rajasthan
321008,Bharatpur Industrial Area, Bharatpur,Rajasthan
pincode,area,city,state
321201,Deeg, Bharatpur,Rajasthan
321202,Kumher, Bharatpur,Rajasthan
321203,Nadbai, Bharatpur,Rajasthan
321204,Rupbas, Bharatpur,Rajasthan
321205,Weir, Bharatpur,Rajasthan
321206,Bayana, Bharatpur,Rajasthan
321207,Kaman, Bharatpur,Rajasthan
321208,Pahari, Bharatpur,Rajasthan
pincode,area,city,state
332001,Sikar HO, Sikar City, Sikar,Rajasthan
332002,Fatehpur Road Area, Sikar,Rajasthan
332003,Piprali Road Area, Sikar,Rajasthan
332004,Industrial Area (RIICO), Sikar,Rajasthan
332005,Laxmangarh Road Area, Sikar,Rajasthan
332006,Shivsinghpura, Sikar,Rajasthan
332007,Radhakishanpura, Sikar,Rajasthan
332008,Nawalgarh Road Area, Sikar,Rajasthan
pincode,area,city,state
332021,Laxmangarh, Sikar,Rajasthan
332022,Fatehpur (Shekhawati), Sikar,Rajasthan
332023,Danta Ramgarh, Sikar,Rajasthan
332024,Neem Ka Thana, Sikar,Rajasthan
332025,Reengus, Sikar,Rajasthan
332026,Khatushyamji, Sikar,Rajasthan
332027,Palsana, Sikar,Rajasthan
332028,Losal, Sikar,Rajasthan